category,top_1,top_5,top_10,top_20
h,0.16322221820068286,0.3248760360490789,0.4086648087154801,0.5038305162450083
na,0.03368961094484822,0.09401453612654981,0.1470713980333476,0.22334330910645575
orbitrap,0.12528079494701233,0.24740347260762705,0.3165649197917493,0.4008562594148894
qtof,0.16187704619861767,0.3460167333575846,0.44285194616224083,0.5503455802109858
overall,0.13471400208888093,0.274066825371435,0.3510919578083687,0.44209941944164777
