category,top_1,top_5,top_10,top_20
h,0.36014091473934395,0.6237890139587632,0.7215244851424228,0.8113576314741757
na,0.14288157332193244,0.37238135955536555,0.4949978623343309,0.6111158614792647
orbitrap,0.29350669943708874,0.5349903538677027,0.635468696318613,0.7309125505430905
qtof,0.3637322662786468,0.6550745725718443,0.7646416878865042,0.8610767551837032
overall,0.3123253385022159,0.5684578977577462,0.671669316973569,0.7672873716796673
